{"cameraMode":{"drawMode":0,"name":"Shaded","section":"Shading Mode"},"sceneLighting":true,"audioPlay":false,"sceneViewState":{"m_AlwaysRefresh":false,"showFog":true,"showSkybox":true,"showFlares":true,"showImageEffects":true,"showParticleSystems":true,"showVisualEffectGraphs":true,"m_FxEnabled":true},"in2DMode":false,"pivot":{"x":5.618236541748047,"y":1.2146565914154053,"z":-9.147363662719727},"rotation":{"x":0.7018028497695923,"y":0.00022275700757745653,"z":-0.00022334874665830284,"w":0.7124096155166626},"size":18.48590087890625,"orthographic":true}